{"cameraMode":{"drawMode":0,"name":"Shaded","section":"Shading Mode"},"sceneLighting":true,"audioPlay":false,"sceneViewState":{"showFog":true,"showMaterialUpdate":false,"showSkybox":true,"showFlares":true,"showImageEffects":true,"showParticleSystems":true,"showVisualEffectGraphs":true,"m_FxEnabled":true},"in2DMode":false,"pivot":{"x":35.78622817993164,"y":1.4233146905899048,"z":16.955411911010743},"rotation":{"x":-0.009073122404515744,"y":-0.2242715060710907,"z":0.00208750506862998,"w":-0.9744923114776611},"size":0.2364998459815979,"orthographic":false}